{"Basketball": {"Knicks": 215.42073170731706, "Lakers": 221.47560975609755}, "Baseball": {"ERA": {"Left": 5.614444444444445, "Right": 5.639183673469389}, "WHIP": {"Left": 1.6949999999999996, "Right": 1.5840816326530607}}, "Soccer": {"Attacker": 180.7, "Midfielder": 178.47619047619048, "Defender": 183.05, "Goalkeeper": 189.44444444444446}}