{"Basketball": {"Warriors": 224.9268292682927, "Sixers": 221.3841463414634, "Rockets": 219.64634146341464}, "Baseball": {"ERA": {"Left": 5.181951219512196, "Right": 5.321574074074072}, "WHIP": {"Left": 1.5917073170731701, "Right": 1.519444444444444}}, "Soccer": {"Attacker": 180.7, "Midfielder": 178.47619047619048, "Defender": 183.05, "Goalkeeper": 189.44444444444446}}