{"Basketball": {"Warriors": 224.9268292682927, "Sixers": 221.3841463414634, "Rockets": 219.64634146341464}, "Baseball": {"ERA": {"Left": 5.413793103448277, "Right": 5.245657894736842}, "WHIP": {"Left": 1.6199999999999999, "Right": 1.5243421052631578}}, "Soccer": {"England": 44.71544715447154, "France": 15.447154471544716, "Spain": 13.821138211382115, "Germany": 8.94308943089431, "Brazil": 7.317073170731707, "Argentina": 5.691056910569105, "Belgium": 4.0650406504065035}}