{"Basketball": {"Warriors": 224.9268292682927, "Sixers": 221.3841463414634, "Rockets": 219.64634146341464}, "Baseball": {"ERA": {"Left": 5.153513513513514, "Right": 5.2538888888888895}, "WHIP": {"Left": 1.5799999999999996, "Right": 1.5045555555555552}}, "Soccer": {"England": 44.71544715447154, "France": 15.447154471544716, "Spain": 13.821138211382115, "Germany": 8.94308943089431, "Brazil": 7.317073170731707, "Argentina": 5.691056910569105, "Belgium": 4.0650406504065035}}