{"Basketball": {"Warriors": 224.9268292682927, "Sixers": 221.3841463414634, "Rockets": 219.64634146341464}}