{
    "Basketball": {
        "Knicks": 215.42073170731706,
        "Lakers": 221.47560975609755
    },
    "Baseball": {
        "ERA": {
            "Left": 5.366333333333334,
            "Right": 5.175769230769231
        },
        "WHIP": {
            "Left": 1.6116666666666666,
            "Right": 1.5128205128205128
        },
        "Total": {
            "ERA": [
                5.14,
                4.39,
                3.19,
                3.64,
                2.01,
                3.1,
                3.15,
                4.76,
                4.74,
                3.21,
                2.44,
                4.15,
                3,
                2,
                15.75,
                10.69,
                3.93,
                4.5,
                4.91,
                1.65,
                7.2,
                3.46,
                12.38,
                3.11,
                2.86,
                2.85,
                4.29,
                2.94,
                5.95,
                4.43,
                4.92,
                18,
                3.23,
                4.45,
                3.9,
                7.2,
                17.05,
                6,
                2.83,
                1.88,
                10.8,
                3.51,
                3.94,
                4.03,
                2.11,
                18,
                6.43,
                3.43,
                4.5,
                7.71,
                1.93,
                5.45,
                9,
                5.29,
                3.96,
                4.9,
                7.71,
                3.35,
                3,
                3.99,
                5.59,
                4.88,
                5.63,
                13.5,
                6.43,
                3.6,
                15.43,
                5.92,
                8.49,
                5.4,
                10.46,
                5.55,
                5.4,
                3.65,
                1.6,
                7.41,
                4.7,
                4.2,
                4.17,
                4.39,
                2.74,
                6.08,
                4.28,
                3.22,
                3.58,
                3.82,
                2.11,
                8.1,
                3.77,
                5.63,
                3.18,
                3.68,
                3.27,
                2.68,
                2.93,
                5.3,
                2.18,
                4.95,
                7.65,
                2.6,
                5.17,
                1.46,
                3.44,
                3.32,
                11.81,
                1.04,
                4,
                3.99
            ],
            "WHIP": [
                1.43,
                1.43,
                1.19,
                1.14,
                1.04,
                1.34,
                1.05,
                1.5,
                1.45,
                1.08,
                1.09,
                1.27,
                0.89,
                1.19,
                3.25,
                2,
                1.35,
                1.33,
                2.73,
                1.1,
                1.2,
                1.54,
                2.88,
                1.27,
                1.22,
                1.08,
                1.45,
                1.37,
                1.22,
                1.52,
                1.46,
                4,
                1.29,
                1.76,
                1.33,
                1.8,
                2.68,
                1.33,
                1.08,
                0.98,
                2,
                1.44,
                1.17,
                1.34,
                1.17,
                3,
                2,
                1.19,
                1.67,
                1.68,
                1.22,
                1.41,
                2,
                1.58,
                1.45,
                1.41,
                3,
                1.27,
                1.26,
                1.19,
                2.22,
                1.38,
                2.25,
                1.8,
                1.33,
                1.1,
                4.29,
                1.53,
                1.89,
                1.56,
                2.21,
                1.62,
                1.45,
                1.26,
                0.77,
                1.82,
                1.7,
                1.33,
                1.43,
                1.36,
                0.99,
                1.77,
                1.18,
                1.12,
                1.14,
                1.26,
                0.86,
                2.25,
                1.4,
                1.58,
                1.45,
                1.16,
                1.21,
                1.25,
                1.37,
                1.8,
                1.04,
                1.43,
                1.88,
                1.31,
                1.47,
                1.14,
                1.15,
                1.31,
                2.25,
                1.15,
                1,
                1.37
            ]
        }
    },
    "Soccer": {
        "Attacker": 181.7058823529412,
        "Midfielder": 180.26315789473685,
        "Defender": 182.675,
        "Goalkeeper": 190.6
    }
}