{"Basketball": {"Warriors": 224.9268292682927, "Sixers": 221.3841463414634, "Rockets": 219.64634146341464}, "Baseball": {"ERA": {"Left": 5.413793103448277, "Right": 5.245657894736842}, "WHIP": {"Left": 1.6199999999999999, "Right": 1.5243421052631578}}}